{
    "trial_number": 4,
    "parameters": {
        "learning_rate": 0.0005,
        "optimizer": "adamax"
    },
    "val_loss": 0.15948055684566498,
    "val_accuracy": 0.9549180269241333
}