{
    "trial_number": 1,
    "parameters": {
        "learning_rate": 0.001,
        "optimizer": "adam"
    },
    "val_loss": 0.15948058664798737,
    "val_accuracy": 0.9549180269241333
}