{
    "trial_number": 3,
    "parameters": {
        "learning_rate": 0.0005,
        "optimizer": "adam"
    },
    "val_loss": 0.04690567031502724,
    "val_accuracy": 0.984466016292572
}